num,name,address,tel,info,introduce,tiem,image
1,크로스핏칸,서울 마포구 독막로9길 31 SPACE,0507-1311-4936,"주차, 무선 인터넷, 남/녀 화장실 구분","미국 crossfit Hq 정식 지부 등록된 박스입니다.
여자코치1분, 남자코치4분이 총 다섯분의 코치님이 계시는 박스입니다.
가족같은 분위기, 다양한 이벤트, 커뮤니티가 최적화 된 박스입니다","['월요일 08:00 - 22:00', '화요일 08:00 - 22:00', '수요일 08:00 - 22:00', '목요일 08:00 - 22:00', '금요일 08:00 - 22:00', '토요일 10:00 - 17:00']",['https://search.pstatic.net/common/?autoRotate=true&quality=95&type=f180_180&src=https%3A%2F%2Fldb-phinf.pstatic.net%2F20190118_85%2F1547773071285O5Eb5_JPEG%2FDRdalvp8Bg5pNx-2EvPHxVpQ.jpg']
2,휘트니스피플 홍대점,서울 마포구 양화로 164 유림빌딩 9층,0507-1404-2696,"주차, 예약, 무선 인터넷","Challenge! Beginning of the change.
변화의 시작을 휘트니스피플과 함께

여성전문 휘트니스 휘트니스피플입니다.
오직 여성을 위해 연구하는 휘트니스피플 홍대점은 헬스와 기구필라테스를 한곳에서 동시에 진행하실 수 있습니다.

[헬스 회원권]
여성전문센터에서 즐기는 시설 이용권

[헬스+기구필라테스]
헬스와 기구필라테스 수업을 동시에 진행하여 다이어트, 몸매교정, 라인개선 등을 한번에 만들 수 있습니다.

[피플 케어 시스템]
운동을 처음 접해보시는 회원님들께 적합한 회원권으로 월 1만원 추가로 2회의 운동 지도를 담임제 형태로 받으실 수 있습니다.

[1:1 PT]
미국공인퍼스널트레이너 자격을 갖춘 휘트니스피플 트레이너에게 [다이어트, 체형교정, 라인개선, 근력증가] 등 다양한 운동목적에 맞는 과학적 트레이닝을 받을 수 있습니다. ","['평일 06:00 - 24:00', '토요일 10:00 - 20:00', '일요일 10:00 - 20:00', '공휴일 10:00 - 20:00']","['https://search.pstatic.net/common/?autoRotate=true&quality=95&type=f180_180&src=https%3A%2F%2Fldb-phinf.pstatic.net%2F20210804_56%2F1628055559523B9wwj_JPEG%2FzHS3oV9gQCV8ym7tTjiaQIa_.jpeg.jpg', 'https://search.pstatic.net/common/?autoRotate=true&quality=95&type=f180_180&src=https%3A%2F%2Fldb-phinf.pstatic.net%2F20210804_103%2F1628055592860ppNcr_PNG%2FmTrVIa3YrPE6LNhb1LE2ycR8.png', 'https://search.pstatic.net/common/?autoRotate=true&quality=95&type=f180_180&src=https%3A%2F%2Fldb-phinf.pstatic.net%2F20210804_107%2F16280556032560IBbq_PNG%2FaHCdN62tY4EPWgaJ0KhtFkCf.png', 'https://search.pstatic.net/common/?autoRotate=true&quality=95&type=f180_180&src=https%3A%2F%2Fmyplace-phinf.pstatic.net%2F20210828_292%2F1630145136013Ykc2K_JPEG%2Fupload_7092515e45d8f61d8eabbf54c994ba13.jpeg', 'https://search.pstatic.net/common/?autoRotate=true&quality=95&type=f180_180&src=https%3A%2F%2Fmyplace-phinf.pstatic.net%2F20210828_117%2F1630145115874sgfKp_JPEG%2Fupload_3d562cde03925650d1a4d9db750f9600.jpg', 'https://search.pstatic.net/common/?autoRotate=true&quality=95&type=f180_180&src=https%3A%2F%2Fnaverbooking-phinf.pstatic.net%2F20210825_146%2F1629865946138HnH2k_JPEG%2Fimage.jpg', 'https://search.pstatic.net/common/?autoRotate=true&quality=95&type=f180_180&src=https%3A%2F%2Fnaverbooking-phinf.pstatic.net%2F20210825_88%2F1629865950135sk4Ti_JPEG%2Fimage.jpg', 'https://search.pstatic.net/common/?autoRotate=true&quality=95&type=f180_180&src=https%3A%2F%2Fldb-phinf.pstatic.net%2F20210804_148%2F1628055612772mRajX_PNG%2FoMwMRZZbVDVVFPw5CGTFcrhv.png', 'https://search.pstatic.net/common/?autoRotate=true&quality=95&type=f180_180&src=https%3A%2F%2Fldb-phinf.pstatic.net%2F20210804_190%2F1628055621461h0uwy_PNG%2FhL9qrtEAuDdPyHSnZ-tR7TiE.png', 'https://search.pstatic.net/common/?autoRotate=true&quality=95&type=f180_180&src=https%3A%2F%2Fldb-phinf.pstatic.net%2F20210804_56%2F16280556334006hkNN_PNG%2FaaaJbK3v2fK_QspRinVpK8ig.png', 'https://search.pstatic.net/common/?autoRotate=true&quality=95&type=f180_180&src=https%3A%2F%2Fmyplace-phinf.pstatic.net%2F20210823_122%2F1629694324421x87hJ_JPEG%2Fupload_33fa5980e0d8dbef63684dd87c470114.jpg', 'https://search.pstatic.net/common/?autoRotate=true&quality=95&type=f180_180&src=https%3A%2F%2Fnaverbooking-phinf.pstatic.net%2F20210823_77%2F1629704120659A04tP_JPEG%2Fimage.jpg', 'https://search.pstatic.net/common/?autoRotate=true&quality=95&type=f180_180&src=https%3A%2F%2Fmyplace-phinf.pstatic.net%2F20210819_185%2F1629361224913d2FzH_JPEG%2Fupload_03afd8fe81395b6198bc84105ae36a86.jpeg', 'https://search.pstatic.net/common/?autoRotate=true&quality=95&type=f180_180&src=https%3A%2F%2Fldb-phinf.pstatic.net%2F20210804_174%2F1628055641893sywsU_JPEG%2Fq_spcOtgs8yzCL5PxogessvG.jpeg.jpg', 'https://search.pstatic.net/common/?autoRotate=true&quality=95&type=f180_180&src=https%3A%2F%2Fldb-phinf.pstatic.net%2F20210804_70%2F1628055651490SIqYx_JPEG%2FlYyEYksx1fQiB1dQxANi1yhz.jpeg.jpg', 'https://search.pstatic.net/common/?autoRotate=true&quality=95&type=f180_180&src=https%3A%2F%2Fldb-phinf.pstatic.net%2F20210804_8%2F1628055659849qP4C5_JPEG%2Fd_8kBrq3RubnbQpS2xYxIUiy.jpeg.jpg', 'https://search.pstatic.net/common/?autoRotate=true&quality=95&type=f180_180&src=https%3A%2F%2Fmyplace-phinf.pstatic.net%2F20210818_251%2F1629250964190IC2D6_JPEG%2Fupload_7959037c85063161cdfe0a0cc08ff24b.jpeg', 'https://search.pstatic.net/common/?autoRotate=true&quality=95&type=f180_180&src=https%3A%2F%2Fnaverbooking-phinf.pstatic.net%2F20210817_268%2F1629187599451TuDoL_JPEG%2Fimage.jpg', 'https://search.pstatic.net/common/?autoRotate=true&quality=95&type=f180_180&src=https%3A%2F%2Fnaverbooking-phinf.pstatic.net%2F20210813_295%2F1628842578331DPwie_JPEG%2Fimage.jpg', 'https://search.pstatic.net/common/?autoRotate=true&quality=95&type=f180_180&src=https%3A%2F%2Fldb-phinf.pstatic.net%2F20210804_216%2F1628055667889XVSv1_JPEG%2FyX1aOmf7rxUTcztrD25wUSI-.jpeg.jpg', 'https://search.pstatic.net/common/?autoRotate=true&quality=95&type=f180_180&src=https%3A%2F%2Fldb-phinf.pstatic.net%2F20210804_29%2F1628055679512yrUSK_JPEG%2Fs3cbRPkPdMNAtCi6ToEjKpyZ.jpeg.jpg', 'https://search.pstatic.net/common/?autoRotate=true&quality=95&type=f180_180&src=https%3A%2F%2Fldb-phinf.pstatic.net%2F20210804_166%2F1628055686662AxJRi_JPEG%2FPaZXkQ--YChdkmrFsE0vTb3y.jpeg.jpg', 'https://search.pstatic.net/common/?autoRotate=true&quality=95&type=f180_180&src=https%3A%2F%2Fnaverbooking-phinf.pstatic.net%2F20210812_189%2F16287528696179IQUR_JPEG%2Fimage.jpg', 'https://search.pstatic.net/common/?autoRotate=true&quality=95&type=f180_180&src=https%3A%2F%2Fmyplace-phinf.pstatic.net%2F20210808_30%2F1628406655041uUxQm_JPEG%2Fupload_04c6fd8fdf59f890d5cf38d6ff0767d3.jpg', 'https://search.pstatic.net/common/?autoRotate=true&quality=95&type=f180_180&src=https%3A%2F%2Fmyplace-phinf.pstatic.net%2F20210806_275%2F1628245287361N9bz7_JPEG%2Fupload_3cfe6858b05290a47c2ceb0dfcaad344.jpg', 'https://search.pstatic.net/common/?autoRotate=true&quality=95&type=f180_180&src=https%3A%2F%2Fldb-phinf.pstatic.net%2F20210804_127%2F1628055693331Jzlfe_JPEG%2FiQBV8kMn_aoMTH7HWO6x66xk.jpeg.jpg', 'https://search.pstatic.net/common/?autoRotate=true&quality=95&type=f180_180&src=https%3A%2F%2Fldb-phinf.pstatic.net%2F20210804_193%2F1628055701920bnks0_JPEG%2FBIcM6ZljGF0mUWIKDAS-gFHe.jpeg.jpg', 'https://search.pstatic.net/common/?autoRotate=true&quality=95&type=f180_180&src=https%3A%2F%2Fldb-phinf.pstatic.net%2F20210804_35%2F1628055710151NfUms_JPEG%2FYel1c5vrfxnmmc5MfogYE1Rl.jpeg.jpg', 'https://search.pstatic.net/common/?autoRotate=true&quality=95&type=f180_180&src=https%3A%2F%2Fmyplace-phinf.pstatic.net%2F20210709_181%2F1625831848725RlL9x_JPEG%2Fupload_f9c5862f7cf654ce6eb28312a28dd6d8.jpg', 'https://search.pstatic.net/common/?autoRotate=true&quality=95&type=f180_180&src=https%3A%2F%2Fmyplace-phinf.pstatic.net%2F20210709_110%2F1625829202373qrPH7_JPEG%2Fupload_9cf79e28c5dd9be61f46b76924388988.jpeg', 'https://search.pstatic.net/common/?autoRotate=true&quality=95&type=f180_180&src=https%3A%2F%2Fmyplace-phinf.pstatic.net%2F20210709_262%2F1625829202641rbxbu_JPEG%2Fupload_1284beb76469730bd4df364dd3be6d68.jpeg', 'https://search.pstatic.net/common/?autoRotate=true&quality=95&type=f180_180&src=https%3A%2F%2Fmyplace-phinf.pstatic.net%2F20210709_251%2F1625829202377kGsqV_JPEG%2Fupload_bf7c20a43507b65dc50c7a67d68c0932.jpeg', 'https://search.pstatic.net/common/?autoRotate=true&quality=95&type=f180_180&src=https%3A%2F%2Fmyplace-phinf.pstatic.net%2F20210708_44%2F16257355135167u8bx_JPEG%2Fupload_96dcec0d9e49e3396ae055d54affde61.jpg']"
3,VIP휘트니스,서울 마포구 월드컵북로 30,0507-1377-6439,"주차, 무선 인터넷, 남/녀 화장실 구분","## 홍대지역 휘트니스 만족도 No.1

8월 1+1 EVENT - 1인 등록시 1인 무료 또는 기간이 두배!!
<행사기간 : 2021년 8월 1일 ~ 8월 31일까지>

 고객의 건강한 삶이 우리의 가치입니다.

* 홍대지역 최대 200평 헬스 전용공간
  - 유산소 ZONE//
  - 웨이트머신 ZONE//
  - 남성 ZONE(프리웨이트)//
  - 독립된 여성전용 웨이트 ZONE(시크릿 우먼스존) 분리로 쾌적한 운동환경//
  -  PT(퍼스널트레이닝) 고객님들을 위한 PT전용공간//
  - PT 등록 기간동안 회원권 무료+PT효과 유지를 위해 4개월 회원권 추가증정//


저희 VIP 휘트니스는 운동만 하는 공간이 아닌 고객님의 지친 하루에 잠시나마 
쉼과 여유를 제공하는 휴식의 장으로서의 공간제공을 제1의 가치로 여깁니다. 
스포츠 센터에서는 꼭 힘들게 운동만 해야 한다는 고정관념을 버리세요. 
운동하기 싫으신 날은 가볍게 오셔서 스트레칭, 승마기, 반신욕, 찜질방 이용후 
샤워만 하고 가셔도 피로회복에 그레잇!!

* 저희 VIP휘트니스의 운영수칙은 모두 고객의 입장에서 먼저 바라보고 수립됩니다.
  - 출장, 휴가, 어학연수 등 장기간 못나올때는 연기신청 - 기간 무제한
  - 이사, 전근 등 센터 이용이 불가능할시는 양도 - 양도비 없음
  - 1일 이용횟수 제한없음 - 체력이 허락하는한 하루에 몇번을 이용하셔도 OK!!
  - 기타 사항은 '사진'의 해드림서비스 참조

카카오톡 검색 : 홍대vip휘트니스","['평일 00:00 - 24:00', '토요일 00:00 - 19:00', '일요일 10:00 - 18:00']","['https://search.pstatic.net/common/?autoRotate=true&quality=95&type=f180_180&src=https%3A%2F%2Fldb-phinf.pstatic.net%2F20210806_219%2F1628248409550N9BNE_JPEG%2FveNtl0oi71AXTf56ZFO4ySbg.jpg', 'https://search.pstatic.net/common/?autoRotate=true&quality=95&type=f180_180&src=https%3A%2F%2Fldb-phinf.pstatic.net%2F20210413_76%2F1618315582179p6lLw_JPEG%2FwVh3Y9X2KV2qsFP118rfdzuf.jpeg.jpg', 'https://search.pstatic.net/common/?autoRotate=true&quality=95&type=f180_180&src=https%3A%2F%2Fldb-phinf.pstatic.net%2F20210708_179%2F1625705885795tGtih_JPEG%2FJQY1xjHB8K2wi-yJ0c3wMV6y.jpg', 'https://search.pstatic.net/common/?autoRotate=true&quality=95&type=f180_180&src=https%3A%2F%2Fmyplace-phinf.pstatic.net%2F20210721_1%2F16268599853140eoHy_JPEG%2Fupload_83dafc6549cef5f912215a671b9b74b9.jpg', 'https://search.pstatic.net/common/?autoRotate=true&quality=95&type=f180_180&src=https%3A%2F%2Fmyplace-phinf.pstatic.net%2F20210720_18%2F16267731767064s9bN_JPEG%2Fupload_ec2eee740099313817718efdc4796208.jpg', 'https://search.pstatic.net/common/?autoRotate=true&quality=95&type=f180_180&src=https%3A%2F%2Fmyplace-phinf.pstatic.net%2F20210720_223%2F1626773176155KI82d_JPEG%2Fupload_8e6e4a300349e662d469fab8e68e0b6a.jpg', 'https://search.pstatic.net/common/?autoRotate=true&quality=95&type=f180_180&src=https%3A%2F%2Fldb-phinf.pstatic.net%2F20200203_188%2F1580724767059LuBDQ_JPEG%2FI3GzPaJ-s3kx7BYUjU9_dpqz.jpg', 'https://search.pstatic.net/common/?autoRotate=true&quality=95&type=f180_180&src=https%3A%2F%2Fldb-phinf.pstatic.net%2F20191021_164%2F1571627511591HyQNr_JPEG%2F5KrQ5-eNz61MGF5apz-vQQ-X.jpg', 'https://search.pstatic.net/common/?autoRotate=true&quality=95&type=f180_180&src=https%3A%2F%2Fldb-phinf.pstatic.net%2F20180212_247%2F1518423530839DXKTs_JPEG%2FS8qyUXiy0MFukAVevrVn0wMM.jpg', 'https://search.pstatic.net/common/?autoRotate=true&quality=95&type=f180_180&src=https%3A%2F%2Fldb-phinf.pstatic.net%2F20180212_108%2F15184235252880bIs8_JPEG%2FDy9_aveRv60jcegNqApV6WpF.jpg', 'https://search.pstatic.net/common/?autoRotate=true&quality=95&type=f180_180&src=https%3A%2F%2Fldb-phinf.pstatic.net%2F20180212_299%2F1518423520730pWWqQ_JPEG%2F9AwamZyuP-rmr99UHTXB8zNc.jpg', 'https://search.pstatic.net/common/?autoRotate=true&quality=95&type=f180_180&src=https%3A%2F%2Fldb-phinf.pstatic.net%2F20180212_44%2F1518423535382J2X0d_JPEG%2Fsu0R6Q519MjfLs-pFA9AIfbm.jpg', 'https://search.pstatic.net/common/?autoRotate=true&quality=95&type=f180_180&src=https%3A%2F%2Fldb-phinf.pstatic.net%2F20191021_179%2F15716275131746AeD1_JPEG%2FP64yBb1pTw0jNl1DSKunl_r0.jpg', 'https://search.pstatic.net/common/?autoRotate=true&quality=95&type=f180_180&src=https%3A%2F%2Fldb-phinf.pstatic.net%2F20191021_162%2F1571627501244QJ20r_JPEG%2FZp5GsliOQ4NQsFa-xqTTTaLT.jpg', 'https://search.pstatic.net/common/?autoRotate=true&quality=95&type=f180_180&src=https%3A%2F%2Fldb-phinf.pstatic.net%2F20191021_150%2F1571627501361JYOW1_JPEG%2Fy1BwH1suIU7C56ee7UAp9D5N.jpg', 'https://search.pstatic.net/common/?autoRotate=true&quality=95&type=f180_180&src=https%3A%2F%2Fldb-phinf.pstatic.net%2F20191021_21%2F1571627501720rwuPJ_JPEG%2FTqEJARUuMik5lVdhAmkC9PqY.jpg', 'https://search.pstatic.net/common/?autoRotate=true&quality=95&type=f180_180&src=https%3A%2F%2Fldb-phinf.pstatic.net%2F20191021_276%2F1571627502526lM8Qn_JPEG%2FAKvE_yTTdMmT2ZMA8E_whrgM.jpg', 'https://search.pstatic.net/common/?autoRotate=true&quality=95&type=f180_180&src=https%3A%2F%2Fldb-phinf.pstatic.net%2F20191021_85%2F1571627502643yzmDL_JPEG%2F-tvg2O6fvPG854pbIU1PZbHq.jpg', 'https://search.pstatic.net/common/?autoRotate=true&quality=95&type=f180_180&src=https%3A%2F%2Fldb-phinf.pstatic.net%2F20191021_56%2F1571627502861eOCuB_JPEG%2F7dgzg5_Zc9bs9eA06NTVO-IZ.jpg', 'https://search.pstatic.net/common/?autoRotate=true&quality=95&type=f180_180&src=https%3A%2F%2Fldb-phinf.pstatic.net%2F20191021_176%2F1571627511585ewsOO_JPEG%2FN5KXh9NYojdsZsW10_4uN4BY.jpg', 'https://search.pstatic.net/common/?autoRotate=true&quality=95&type=f180_180&src=https%3A%2F%2Fldb-phinf.pstatic.net%2F20191021_170%2F1571627504275nmwQQ_JPEG%2FoUy7rW-UYSByioUGhndCpIyX.jpg', 'https://search.pstatic.net/common/?autoRotate=true&quality=95&type=f180_180&src=https%3A%2F%2Fldb-phinf.pstatic.net%2F20191021_282%2F1571627512344MrIOl_JPEG%2FqyXulJQQrC7Wa3h7beQnAaHm.jpg', 'https://search.pstatic.net/common/?autoRotate=true&quality=95&type=f180_180&src=https%3A%2F%2Fldb-phinf.pstatic.net%2F20191021_257%2F1571627504991gVFCa_JPEG%2F9cff0zFe8eFs7TgsPh10zHhe.jpg', 'https://search.pstatic.net/common/?autoRotate=true&quality=95&type=f180_180&src=https%3A%2F%2Fldb-phinf.pstatic.net%2F20191021_62%2F1571627505308PS6df_JPEG%2FRO2V6H-b_THGBFlCRHAc6SvT.jpg', 'https://search.pstatic.net/common/?autoRotate=true&quality=95&type=f180_180&src=https%3A%2F%2Fldb-phinf.pstatic.net%2F20191021_290%2F1571627505704beopW_JPEG%2FQ4hpUCEegwo0mZbqJlxNMZRl.jpg', 'https://search.pstatic.net/common/?autoRotate=true&quality=95&type=f180_180&src=https%3A%2F%2Fldb-phinf.pstatic.net%2F20191021_84%2F1571627507047FOxzG_JPEG%2FEE9l828f8b7g1JM1ZJaw9tuM.jpg', 'https://search.pstatic.net/common/?autoRotate=true&quality=95&type=f180_180&src=https%3A%2F%2Fldb-phinf.pstatic.net%2F20191021_102%2F1571627506961uA0Uj_JPEG%2FbvYlv15eyx530Qr30aEwbP2n.jpg', 'https://search.pstatic.net/common/?autoRotate=true&quality=95&type=f180_180&src=https%3A%2F%2Fldb-phinf.pstatic.net%2F20191021_292%2F15716275071785fojX_JPEG%2FoyD8_QJ4jq9vei16CxnsMfR8.jpg', 'https://search.pstatic.net/common/?autoRotate=true&quality=95&type=f180_180&src=https%3A%2F%2Fldb-phinf.pstatic.net%2F20191021_216%2F1571627507353OhXo1_JPEG%2FlW3whawAF_gdrzK3a91yqHHc.jpg', 'https://search.pstatic.net/common/?autoRotate=true&quality=95&type=f180_180&src=https%3A%2F%2Fldb-phinf.pstatic.net%2F20191021_246%2F1571627512847koFQ3_JPEG%2Fb60Mr8Bhke_0-fnDnFRtBB5_.jpg']"
4,고투 신촌점,서울 마포구 신촌로 128 적암빌딩 지하1층 고투 신촌점,02-712-7531,"무선 인터넷, 남/녀 화장실 구분, 제로페이","_________________________________


고투 스마트스토어 
& 각 지점 인포데스크에서
구매/등록 가능합니다.

* 신촌점 등록문의 : 02-712-7531
* 고객센터 대표번호 : 02-2207-9898
* 카카오톡 상담 ID : @고투피트니스_고객센터

_________________________________


※ 온라인 결제(스마트스토어) 혜택 안내
?
- 입회비 3만원 면제
- 무이자 10개월 가능
- N포인트 증정
- 스토어 찜 하면 2% 추가 적립

_________________________________
?

>> 고투 피트니스 회원권 혜택 안내
?
■ 프리패스 회원권으로 헬스+G.X (그룹운동) 등 전 종목 이용
?
■ 하나의 회원권으로 전국 50여개 전 지점 이용가능
- 횟수 제한 없이, 추가 비용 없이 서울/경기/인천/부산 어디든!
?
■ 최신형 웨이트기구
- 인체공학적 설계로 초보자들도 안정적으로 운동
?
■ 풀 HD TV 일체형 런닝머신
- 대형 모니터 FHD 화질로 영화, TV프로그램 시청
?
■ 월 200회가 넘는 G.X 프로그램이 무료!
- 요가, 태보, K-pop댄스, 점프 트램폴린, 보드30, 발레핏 등
?
■ 다양한 홈트레이닝, 전문 스트레칭 영상을 무제한 제공!
- 11분 운동, 요가, 줌바, 태보, 필라테스 등 226개의 홈트 운동 영상
?
■ 힐링공간 원적외선 반신욕기 & 승마기기
- 운동 전후 반신욕기로 하루 피로를 싹!
- 운동하기 귀찮은 날! 앉기만 해도 운동이 되는 승마기기
?
?","['평일 06:00 - 22:00', '토요일 06:00 - 20:00', '일요일 10:00 - 20:00 공휴일 포함']","['https://search.pstatic.net/common/?autoRotate=true&quality=95&type=f180_180&src=https%3A%2F%2Fldb-phinf.pstatic.net%2F20200925_78%2F1601022092787wSL6N_JPEG%2FAmfekk3uQFUTfx3GIYDv1qAk.jpg', 'https://search.pstatic.net/common/?autoRotate=true&quality=95&type=f180_180&src=https%3A%2F%2Fldb-phinf.pstatic.net%2F20200925_189%2F16010221075757oToX_JPEG%2FwSwdKLhUicNSOGGqsDBApScx.jpg', 'https://search.pstatic.net/common/?autoRotate=true&quality=95&type=f180_180&src=https%3A%2F%2Fldb-phinf.pstatic.net%2F20201118_96%2F1605685175063xujqd_PNG%2F0FvSv7nafsa4scdx1ENjxCVk.png', 'https://search.pstatic.net/common/?autoRotate=true&quality=95&type=f180_180&src=https%3A%2F%2Fldb-phinf.pstatic.net%2F20201118_88%2F16056851796249rwFC_PNG%2FIC76O3isxQuJYKFwmL5hKmnq.png', 'https://search.pstatic.net/common/?autoRotate=true&quality=95&type=f180_180&src=https%3A%2F%2Fldb-phinf.pstatic.net%2F20201118_196%2F1605685187554TQIKg_PNG%2FNkVmsffHw8pttgC1sTklzKaZ.png', 'https://search.pstatic.net/common/?autoRotate=true&quality=95&type=f180_180&src=https%3A%2F%2Fldb-phinf.pstatic.net%2F20201118_145%2F1605685187786iSCtA_PNG%2FwWpignQ6t4Iw9ygOLLpSENdR.png', 'https://search.pstatic.net/common/?autoRotate=true&quality=95&type=f180_180&src=https%3A%2F%2Fldb-phinf.pstatic.net%2F20201118_58%2F16056851881326LPce_PNG%2FjR8hEHPnp0mnAl6fjFCCgzEo.png', 'https://search.pstatic.net/common/?autoRotate=true&quality=95&type=f180_180&src=https%3A%2F%2Fldb-phinf.pstatic.net%2F20201118_32%2F1605685187501FFsK0_PNG%2FA0NzGKT6-QnXucoiagSK4AHU.png', 'https://search.pstatic.net/common/?autoRotate=true&quality=95&type=f180_180&src=https%3A%2F%2Fldb-phinf.pstatic.net%2F20201118_123%2F1605685187743jeyVX_PNG%2FI7XVvHwXpblruA9GqYj_ek-o.png', 'https://search.pstatic.net/common/?autoRotate=true&quality=95&type=f180_180&src=https%3A%2F%2Fldb-phinf.pstatic.net%2F20201118_194%2F1605685187016gr25l_PNG%2F0wsi1EY249JxTbB8oDaWHrOH.png', 'https://search.pstatic.net/common/?autoRotate=true&quality=95&type=f180_180&src=https%3A%2F%2Fldb-phinf.pstatic.net%2F20210702_33%2F16251939821585qOk1_JPEG%2FQpuA1L4atXTno0ADKFdt2-ZU.jpg', 'https://search.pstatic.net/common/?autoRotate=true&quality=95&type=f180_180&src=https%3A%2F%2Fldb-phinf.pstatic.net%2F20200925_154%2F1601022155280e1TBt_JPEG%2FZxSk8zTREPsobO0YdWuVDwt9.jpg', 'https://search.pstatic.net/common/?autoRotate=true&quality=95&type=f180_180&src=https%3A%2F%2Fldb-phinf.pstatic.net%2F20200925_262%2F1601022378473g444I_JPEG%2F7LYO3y9lIrgvpWyh-fn8d98U.jpg', 'https://search.pstatic.net/common/?autoRotate=true&quality=95&type=f180_180&src=https%3A%2F%2Fldb-phinf.pstatic.net%2F20191223_114%2F15770640008999j45Y_JPEG%2FYFPgGUhwnc9y4Pk4U34Dq7m9.jpg', 'https://search.pstatic.net/common/?autoRotate=true&quality=95&type=f180_180&src=https%3A%2F%2Fldb-phinf.pstatic.net%2F20200925_189%2F1601022407982X7kAH_JPEG%2F4LdkpzUFwRTBokHAjhMzbUYm.jpg', 'https://search.pstatic.net/common/?autoRotate=true&quality=95&type=f180_180&src=https%3A%2F%2Fldb-phinf.pstatic.net%2F20200925_42%2F1601022419485Dr38w_JPEG%2FazvuJZzrJorEpqSHkx42zWga.jpg', 'https://search.pstatic.net/common/?autoRotate=true&quality=95&type=f180_180&src=https%3A%2F%2Fldb-phinf.pstatic.net%2F20200925_14%2F16010224356895AOKN_JPEG%2Fp2vyAwAsVJ0rVf-Y75LIYzmQ.jpg', 'https://search.pstatic.net/common/?autoRotate=true&quality=95&type=f180_180&src=https%3A%2F%2Fldb-phinf.pstatic.net%2F20191223_286%2F1577063999358A0q6q_JPEG%2FekRWS8cpujiXgbEXKt_8OrcT.jpg']"
5,휘트니스엠,서울 마포구 백범로 199 메트로디오빌빌딩 지하2층,02-704-6900,"주차, 무선 인터넷, 남/녀 화장실 구분","공덕역6번출구 연결,메트로디오빌건물 지하2층","['평일 06:00 - 23:59', '주말 10:00 - 20:00 매달 셋째주 일요일 휴무']","['https://search.pstatic.net/common/?autoRotate=true&quality=95&type=f180_180&src=https%3A%2F%2Fldb-phinf.pstatic.net%2F20210316_261%2F1615860526722tqq2S_JPEG%2FamE-HVJmjhBDRw6FSh7vRlRw.jpg', 'https://search.pstatic.net/common/?autoRotate=true&quality=95&type=f180_180&src=https%3A%2F%2Fldb-phinf.pstatic.net%2F20210316_295%2F16158606884876qyoY_JPEG%2FiM-yMt-PJduMbUvpfmztIS2L.jpg', 'https://search.pstatic.net/common/?autoRotate=true&quality=95&type=f180_180&src=https%3A%2F%2Fldb-phinf.pstatic.net%2F20210316_81%2F1615860699486afgB3_JPEG%2FItXmt5Q-StS5DGGHaIzdO-WS.jpg', 'https://search.pstatic.net/common/?autoRotate=true&quality=95&type=f180_180&src=https%3A%2F%2Fmyplace-phinf.pstatic.net%2F20210521_280%2F16215762409878FjCk_JPEG%2Fupload_5f071e96a5534047bf8178635369be5f.jpeg', 'https://search.pstatic.net/common/?autoRotate=true&quality=95&type=f180_180&src=https%3A%2F%2Fmyplace-phinf.pstatic.net%2F20210430_171%2F1619760072743s8EVn_JPEG%2Fupload_849b5393f9c9cc3303af9771d68b135c.jpeg', 'https://search.pstatic.net/common/?autoRotate=true&quality=95&type=f180_180&src=https%3A%2F%2Fmyplace-phinf.pstatic.net%2F20210216_121%2F1613480596883lp6Ba_JPEG%2Fupload_324482233167c054601058ed6bbf794b.jpg', 'https://search.pstatic.net/common/?autoRotate=true&quality=95&type=f180_180&src=https%3A%2F%2Fldb-phinf.pstatic.net%2F20210316_225%2F1615860706309zWeVR_JPEG%2FmOHDpW_8DuMfg_Xo-H9wRgBO.jpg', 'https://search.pstatic.net/common/?autoRotate=true&quality=95&type=f180_180&src=https%3A%2F%2Fldb-phinf.pstatic.net%2F20210316_88%2F1615860722029LmTg4_JPEG%2FctLaye1YGQ86HMK4gaHdcD6J.jpg', 'https://search.pstatic.net/common/?autoRotate=true&quality=95&type=f180_180&src=https%3A%2F%2Fldb-phinf.pstatic.net%2F20210316_187%2F1615860740698INvf5_JPEG%2F0NTZZVW-zi9e9DViRXVSSJio.jpg', 'https://search.pstatic.net/common/?autoRotate=true&quality=95&type=f180_180&src=https%3A%2F%2Fmyplace-phinf.pstatic.net%2F20210205_272%2F1612492960031yf899_JPEG%2Fupload_1f61349c0b63e6a970f73d8ca51f808e.jpg', 'https://search.pstatic.net/common/?autoRotate=true&quality=95&type=f180_180&src=https%3A%2F%2Fldb-phinf.pstatic.net%2F20210316_114%2F1615860756687dJcS1_JPEG%2FUvDSpN45zHGkVeLMEUiyYFyV.jpg', 'https://search.pstatic.net/common/?autoRotate=true&quality=95&type=f180_180&src=https%3A%2F%2Fldb-phinf.pstatic.net%2F20210316_43%2F1615860769295dUCPi_JPEG%2FqwYhM_27w-eGml-MkR__i3F0.jpg', 'https://search.pstatic.net/common/?autoRotate=true&quality=95&type=f180_180&src=https%3A%2F%2Fldb-phinf.pstatic.net%2F20210316_188%2F1615860848888fldur_JPEG%2FoJ4TT4VPvy-kd-JjNCVsDUnm.jpg', 'https://search.pstatic.net/common/?autoRotate=true&quality=95&type=f180_180&src=https%3A%2F%2Fldb-phinf.pstatic.net%2F20210316_149%2F1615860917938HyH77_JPEG%2FDly6B-xo8SGTEyvCVSW-RClB.jpg', 'https://search.pstatic.net/common/?autoRotate=true&quality=95&type=f180_180&src=https%3A%2F%2Fldb-phinf.pstatic.net%2F20210316_1%2F1615861003984dUsYO_JPEG%2F2_cJtwDrENOOdbxwfx5m8IoH.jpg', 'https://search.pstatic.net/common/?autoRotate=true&quality=95&type=f180_180&src=https%3A%2F%2Fldb-phinf.pstatic.net%2F20210316_217%2F1615861016172Dsdl0_JPEG%2FK0ms4skshcVBiVU50k-kKLlj.jpg', 'https://search.pstatic.net/common/?autoRotate=true&quality=95&type=f180_180&src=https%3A%2F%2Fldb-phinf.pstatic.net%2F20210316_94%2F1615861039943HswzQ_JPEG%2FA51yMcgGoLI0vz77vvna5nui.jpg', 'https://search.pstatic.net/common/?autoRotate=true&quality=95&type=f180_180&src=https%3A%2F%2Fldb-phinf.pstatic.net%2F20210316_11%2F1615861045509pQ37f_JPEG%2F7Q-G3SfyDmAfzvGN8Vyz-h0k.jpg', 'https://search.pstatic.net/common/?autoRotate=true&quality=95&type=f180_180&src=https%3A%2F%2Fldb-phinf.pstatic.net%2F20210316_175%2F161586105971872IgX_JPEG%2F3vmZ5c7sCsSxOTiNFoie81FE.jpg', 'https://search.pstatic.net/common/?autoRotate=true&quality=95&type=f180_180&src=https%3A%2F%2Fldb-phinf.pstatic.net%2F20210316_103%2F1615861068584zBDCc_JPEG%2FF2pEbyqOyr8dm5qurgX1FebQ.jpg', 'https://search.pstatic.net/common/?autoRotate=true&quality=95&type=f180_180&src=https%3A%2F%2Fldb-phinf.pstatic.net%2F20210316_202%2F1615861080237zA9lT_JPEG%2F3DKykrzunHfbb-0oE1xlwY1s.jpg', 'https://search.pstatic.net/common/?autoRotate=true&quality=95&type=f180_180&src=https%3A%2F%2Fldb-phinf.pstatic.net%2F20210316_9%2F16158611191176nOPW_JPEG%2FdLJ2A2LW2xkc4HMNI8mwqTUy.jpg', 'https://search.pstatic.net/common/?autoRotate=true&quality=95&type=f180_180&src=https%3A%2F%2Fldb-phinf.pstatic.net%2F20210316_21%2F1615861149079gHFfu_JPEG%2FDEg2P2h4Sw06O_I9aYFr6Spb.jpg', 'https://search.pstatic.net/common/?autoRotate=true&quality=95&type=f180_180&src=https%3A%2F%2Fldb-phinf.pstatic.net%2F20210316_148%2F1615861161814GjXdv_JPEG%2FOXN0hO9cqwxB2Q39qfWEwo6y.jpg', 'https://search.pstatic.net/common/?autoRotate=true&quality=95&type=f180_180&src=https%3A%2F%2Fldb-phinf.pstatic.net%2F20210316_281%2F1615861172781AIzul_JPEG%2FXWlUZRZgJACIEsy-JEdWVw8-.jpg', 'https://search.pstatic.net/common/?autoRotate=true&quality=95&type=f180_180&src=https%3A%2F%2Fldb-phinf.pstatic.net%2F20210316_196%2F1615861182884rXH2I_JPEG%2FqTnOg_eJP0ZaZdHQQvRHgv3-.jpg', 'https://search.pstatic.net/common/?autoRotate=true&quality=95&type=f180_180&src=https%3A%2F%2Fldb-phinf.pstatic.net%2F20210316_180%2F1615861192455zJFzh_JPEG%2FtLQchUAl7hQgTzij9__EOM0q.jpg', 'https://search.pstatic.net/common/?autoRotate=true&quality=95&type=f180_180&src=https%3A%2F%2Fldb-phinf.pstatic.net%2F20210316_31%2F1615861291578On4qF_JPEG%2FL84_2O5-qYyTt--_miAA05yT.jpg', 'https://search.pstatic.net/common/?autoRotate=true&quality=95&type=f180_180&src=https%3A%2F%2Fldb-phinf.pstatic.net%2F20210316_47%2F1615861304079uRlFq_JPEG%2FawTwcaLi0E_ZxwIbSgucr7ez.jpg', 'https://search.pstatic.net/common/?autoRotate=true&quality=95&type=f180_180&src=https%3A%2F%2Fldb-phinf.pstatic.net%2F20210316_61%2F1615861315715l7UKS_JPEG%2FISz0AovTA_MWTwjUTkL8m97L.jpg']"
6,우리짐 합정점,서울 마포구 월드컵로 29 6층,0507-1479-8904,"주차, 방문접수/출장, 예약, 무선 인터넷, 남/녀 화장실 구분","안녕하세요 몸과 마음이 건강해지는 공간 
우리짐 합정 1호점 입니다. 
우리짐은 2012년 합정에서 시작해 현재 상수2호점, 홍대3호점을 운영 중에 있습니다. 

등록시 어느 지점에서든 개인헬스가 가능합니다. 

우리짐은 합정헬스장이 아닌 합정PT  퍼스널트레이닝 전문 샵으로 PT 등록을 하시면 
개인헬스무료, 개인락커무료, 무료주차를 추가 비용 없이 이용 가능합니다. 

등록은 10회부터 30회까지 가능합니다. 

수업 프로그램은 개개인의 몸 상태가 다 다름으로 
몸 상태를 정확히 체크해 맞춤 프로그램으로 진행됩니다.

( 다이어트 몸만들기 교정운동 재활운동 )

2:1pt 수업도 진행하고 있습니다. 

상담예약 하시고 방문하시면 인바디 검사를 무료로 진행하며 자세한 상담을 도와드립니다 부담없이 예약해 주세요 감사합니다. ","['평일 09:00 - 23:00', '주말 09:00 - 15:00']","['https://search.pstatic.net/common/?autoRotate=true&quality=95&type=f180_180&src=https%3A%2F%2Fldb-phinf.pstatic.net%2F20190212_189%2F1549929875619v2n8w_JPEG%2FDzkfdy9c49Wt4kdsxgOeh7BG.jpg', 'https://search.pstatic.net/common/?autoRotate=true&quality=95&type=f180_180&src=https%3A%2F%2Fldb-phinf.pstatic.net%2F20190411_65%2F1554954681600pKler_JPEG%2FSH46bY5VfigrlXvu2bGYmfl7.jpg', 'https://search.pstatic.net/common/?autoRotate=true&quality=95&type=f180_180&src=https%3A%2F%2Fldb-phinf.pstatic.net%2F20190411_75%2F1554954681011q7vzr_JPEG%2Fdqq1v62mhBu9t5f7RBXBhima.jpg', 'https://search.pstatic.net/common/?autoRotate=true&quality=95&type=f180_180&src=https%3A%2F%2Fldb-phinf.pstatic.net%2F20190411_25%2F1554954798396Umhx9_JPEG%2FSv3FEhdx2r4v7toG6f_1Y8It.jpg', 'https://search.pstatic.net/common/?autoRotate=true&quality=95&type=f180_180&src=https%3A%2F%2Fldb-phinf.pstatic.net%2F20190411_154%2F1554954681851qIsVF_JPEG%2F3rxDOt3ALnoXRTGavvVxYfSM.jpg', 'https://search.pstatic.net/common/?autoRotate=true&quality=95&type=f180_180&src=https%3A%2F%2Fldb-phinf.pstatic.net%2F20190411_45%2F1554954682105xwtX5_JPEG%2FtEapXS2T3vKdjpSehKpWSMNW.jpg', 'https://search.pstatic.net/common/?autoRotate=true&quality=95&type=f180_180&src=https%3A%2F%2Fldb-phinf.pstatic.net%2F20190411_164%2F1554954828554XVmNN_JPEG%2FIb8Vq30FurXLIDJHa35PaGjb.jpg', 'https://search.pstatic.net/common/?autoRotate=true&quality=95&type=f180_180&src=https%3A%2F%2Fldb-phinf.pstatic.net%2F%2F20170322_74%2F1490183733972gRV89_JPEG%2FIMG_7893.JPG', 'https://search.pstatic.net/common/?autoRotate=true&quality=95&type=f180_180&src=https%3A%2F%2Fldb-phinf.pstatic.net%2F20200106_262%2F15783183575219ngQU_JPEG%2F7fQNLQjyIBFjlMs8mPe8Tb6j.jpeg.jpg', 'https://search.pstatic.net/common/?autoRotate=true&quality=95&type=f180_180&src=https%3A%2F%2Fldb-phinf.pstatic.net%2F20200106_141%2F1578318368727YquSg_JPEG%2FAra7JF-waB8xm3-XWtg6fsmi.jpeg.jpg', 'https://search.pstatic.net/common/?autoRotate=true&quality=95&type=f180_180&src=https%3A%2F%2Fldb-phinf.pstatic.net%2F20200106_89%2F1578318380796wDdH4_JPEG%2FPS8hjh5MqTLVSLpmF7SnVC9g.jpeg.jpg', 'https://search.pstatic.net/common/?autoRotate=true&quality=95&type=f180_180&src=https%3A%2F%2Fldb-phinf.pstatic.net%2F20200106_84%2F15783184015268MqkD_JPEG%2F7oOMUQ4-YGsaRl0e0KXiPB4I.jpeg.jpg', 'https://search.pstatic.net/common/?autoRotate=true&quality=95&type=f180_180&src=https%3A%2F%2Fldb-phinf.pstatic.net%2F20200106_123%2F1578318414013xt0Ae_JPEG%2F5S4OxENXITcBGppcLbRnZffX.jpeg.jpg', 'https://search.pstatic.net/common/?autoRotate=true&quality=95&type=f180_180&src=https%3A%2F%2Fldb-phinf.pstatic.net%2F20200106_54%2F1578318423959McsJf_JPEG%2FiezLoBl7qqJ0H-SqSsbgORIu.jpeg.jpg', 'https://search.pstatic.net/common/?autoRotate=true&quality=95&type=f180_180&src=https%3A%2F%2Fldb-phinf.pstatic.net%2F20200106_20%2F1578318435479OinpP_JPEG%2FcDlax8oBu3joLfe7kyJuBLZJ.jpeg.jpg', 'https://search.pstatic.net/common/?autoRotate=true&quality=95&type=f180_180&src=https%3A%2F%2Fldb-phinf.pstatic.net%2F20200106_209%2F1578318449515T31o7_JPEG%2Ft2v9hjX4kFo_xzP14A2UNpJz.jpeg.jpg', 'https://search.pstatic.net/common/?autoRotate=true&quality=95&type=f180_180&src=https%3A%2F%2Fldb-phinf.pstatic.net%2F20200106_13%2F1578318468762hwl5T_JPEG%2Fc_5nbvPGPo1xDTBEo-ed6aH2.jpeg.jpg', 'https://search.pstatic.net/common/?autoRotate=true&quality=95&type=f180_180&src=https%3A%2F%2Fldb-phinf.pstatic.net%2F20200106_173%2F1578318492080oF2aj_JPEG%2FvZD6__jSCx-rH3FJGJ1_ggE-.jpeg.jpg', 'https://search.pstatic.net/common/?autoRotate=true&quality=95&type=f180_180&src=https%3A%2F%2Fldb-phinf.pstatic.net%2F20200106_4%2F1578318516635Ganme_JPEG%2Fqdk0pI3DExS2Pmx9uG3bKVxY.jpeg.jpg', 'https://search.pstatic.net/common/?autoRotate=true&quality=95&type=f180_180&src=https%3A%2F%2Fldb-phinf.pstatic.net%2F20200106_204%2F1578318530236GITUV_JPEG%2FV8lumDTW6Zn7M2BaOBTe-QC6.jpeg.jpg', 'https://search.pstatic.net/common/?autoRotate=true&quality=95&type=f180_180&src=https%3A%2F%2Fldb-phinf.pstatic.net%2F20200106_47%2F1578318550208wUcJt_JPEG%2FLjuJl2bjR6bzV_SIHvvpmQyo.jpeg.jpg', 'https://search.pstatic.net/common/?autoRotate=true&quality=95&type=f180_180&src=https%3A%2F%2Fldb-phinf.pstatic.net%2F20200106_129%2F157831857217675QJL_JPEG%2Fq7R3nWFeUToIEcgh8_IPEwiT.jpeg.jpg', 'https://search.pstatic.net/common/?autoRotate=true&quality=95&type=f180_180&src=https%3A%2F%2Fldb-phinf.pstatic.net%2F20200106_295%2F1578318586713qzycc_JPEG%2FAJ6KqmaeQyz0aOfpiI3Yj5BR.jpeg.jpg', 'https://search.pstatic.net/common/?autoRotate=true&quality=95&type=f180_180&src=https%3A%2F%2Fldb-phinf.pstatic.net%2F20200106_148%2F1578318611077NAHYm_JPEG%2FTkqHlOnCEajplwxJs4g97zh7.jpeg.jpg', 'https://search.pstatic.net/common/?autoRotate=true&quality=95&type=f180_180&src=https%3A%2F%2Fldb-phinf.pstatic.net%2F20200106_113%2F1578318627929j9J5e_JPEG%2FZQ2eSdR-JcVhQ6O6z0GHgirq.jpeg.jpg', 'https://search.pstatic.net/common/?autoRotate=true&quality=95&type=f180_180&src=https%3A%2F%2Fldb-phinf.pstatic.net%2F20200106_86%2F1578318648504RXqiB_JPEG%2FapxMNvLMzu8qMBGfjbnFTGCD.jpeg.jpg', 'https://search.pstatic.net/common/?autoRotate=true&quality=95&type=f180_180&src=https%3A%2F%2Fldb-phinf.pstatic.net%2F20200106_217%2F1578318662176ePOM8_JPEG%2F2rQO4ExZeEeLlIdqTyg_EKFK.jpeg.jpg', 'https://search.pstatic.net/common/?autoRotate=true&quality=95&type=f180_180&src=https%3A%2F%2Fldb-phinf.pstatic.net%2F20200106_80%2F15783186875037PVq1_JPEG%2FRajyMTUuAlXFEv3WahQdxzAP.jpeg.jpg', 'https://search.pstatic.net/common/?autoRotate=true&quality=95&type=f180_180&src=https%3A%2F%2Fldb-phinf.pstatic.net%2F20200106_177%2F15783187092333GCz0_JPEG%2FeoDoDNX1HAtMVKRwMS-AkNkW.jpeg.jpg', 'https://search.pstatic.net/common/?autoRotate=true&quality=95&type=f180_180&src=https%3A%2F%2Fldb-phinf.pstatic.net%2F20200106_79%2F1578318729988AS2Lv_JPEG%2FB91YPr17KawUDvYocVi4qUIl.jpeg.jpg']"
7,고투 공덕점,서울 마포구 마포대로 130 별정우체국연합빌딩 지하1층 고투 공덕점,02-701-6655,"주차, 남/녀 화장실 구분, 제로페이","_________________________________


고투 스마트스토어 
& 각 지점 인포데스크에서
구매/등록 가능합니다.
?
* 공덕점 등록문의 : 02-701-6655
* 고객센터 대표번호 : 02-2207-9898
* 카카오톡 상담 ID : @고투피트니스_고객센터

_________________________________


※ 온라인 결제(스마트스토어) 혜택 안내
?
- 입회비 3만원 면제
- 무이자 10개월 가능
- N포인트 증정
- 스토어 찜 하면 2% 추가 적립

_________________________________

?
>> 고투 피트니스 회원권 혜택 안내
?
■ 프리패스 회원권으로 헬스+G.X (그룹운동) 등 전 종목 이용
?
■ 하나의 회원권으로 전국 50여개 전 지점 이용가능
- 횟수 제한 없이, 추가 비용 없이 서울/경기/인천/부산 어디든!
?
■ 최신형 웨이트기구
- 인체공학적 설계로 초보자들도 안정적으로 운동
?
■ 풀 HD TV 일체형 런닝머신
- 대형 모니터 FHD 화질로 영화, TV프로그램 시청
?
■ 월 200회가 넘는 G.X 프로그램이 무료!
- 요가, 태보, K-pop댄스, 점프 트램폴린, 보드30, 발레핏 등
?
■ 다양한 홈트레이닝, 전문 스트레칭 영상을 무제한 제공!
- 11분 운동, 요가, 줌바, 태보, 필라테스 등 226개의 홈트 운동 영상
?
■ 힐링공간 원적외선 반신욕기 & 승마기기
- 운동 전후 반신욕기로 하루 피로를 싹!
- 운동하기 귀찮은 날! 앉기만 해도 운동이 되는 승마기기
?
■ 전 타석 스크린골프 & 골프프로 1:1 레슨 2회 제공
- 골프 회원권 등록 시 헬스가 무료!
?
?","['평일 06:00 - 22:00', '토요일 06:00 - 20:00', '일요일 10:00 - 20:00 공휴일 포함']","['https://search.pstatic.net/common/?autoRotate=true&quality=95&type=f180_180&src=https%3A%2F%2Fldb-phinf.pstatic.net%2F20191220_164%2F1576834025379uf0WY_JPEG%2F4JraVwaIwKmnPksvC6f8XcGX.jpg', 'https://search.pstatic.net/common/?autoRotate=true&quality=95&type=f180_180&src=https%3A%2F%2Fldb-phinf.pstatic.net%2F20190624_226%2F1561358611361wcWcQ_PNG%2FjieaUJl8G7UYFRKijwXfUBAf.png', 'https://search.pstatic.net/common/?autoRotate=true&quality=95&type=f180_180&src=https%3A%2F%2Fldb-phinf.pstatic.net%2F20190624_91%2F1561358612059NN6JF_PNG%2FoqpSbLQy8KCT8UDwcn82T2K8.png', 'https://search.pstatic.net/common/?autoRotate=true&quality=95&type=f180_180&src=https%3A%2F%2Fldb-phinf.pstatic.net%2F20190624_217%2F1561358612055pPlxr_PNG%2F8_zL7t34ePc4magR6b9vMvmL.png', 'https://search.pstatic.net/common/?autoRotate=true&quality=95&type=f180_180&src=https%3A%2F%2Fldb-phinf.pstatic.net%2F20190624_243%2F1561358611269lpwTs_PNG%2FOiWofASdcKTATC70lk8oDgmX.png', 'https://search.pstatic.net/common/?autoRotate=true&quality=95&type=f180_180&src=https%3A%2F%2Fldb-phinf.pstatic.net%2F20190624_91%2F1561358611928dwqFF_PNG%2FHMse0nivsMqZIbSbuBHix5ir.png', 'https://search.pstatic.net/common/?autoRotate=true&quality=95&type=f180_180&src=https%3A%2F%2Fldb-phinf.pstatic.net%2F20190624_238%2F15613586112984cQJL_PNG%2Fq__F6-vREdeR3VJ91iZi4Vl-.png', 'https://search.pstatic.net/common/?autoRotate=true&quality=95&type=f180_180&src=https%3A%2F%2Fldb-phinf.pstatic.net%2F20190624_118%2F1561358611249Rx6N6_PNG%2FHMboqT6aV0Y8rgeWwEMgDWYi.png', 'https://search.pstatic.net/common/?autoRotate=true&quality=95&type=f180_180&src=https%3A%2F%2Fldb-phinf.pstatic.net%2F20190624_270%2F1561358612178t6wAy_PNG%2FdQO_WeGCfuPjPFAHNMSMiwXo.png', 'https://search.pstatic.net/common/?autoRotate=true&quality=95&type=f180_180&src=https%3A%2F%2Fldb-phinf.pstatic.net%2F20210702_120%2F1625193472774z9wtW_JPEG%2FkQkvh3wh9xrWJb6WyrUdty1q.jpg', 'https://search.pstatic.net/common/?autoRotate=true&quality=95&type=f180_180&src=https%3A%2F%2Fldb-phinf.pstatic.net%2F20210302_241%2F1614674575612p9eji_JPEG%2Fo7rm_fjCMz8Fmb8LAP-FAHBj.jpg', 'https://search.pstatic.net/common/?autoRotate=true&quality=95&type=f180_180&src=https%3A%2F%2Fldb-phinf.pstatic.net%2F20191223_106%2F1577065920188aOtqx_JPEG%2FNKwFWnyIkxiyg43PPREKyRmQ.jpg', 'https://search.pstatic.net/common/?autoRotate=true&quality=95&type=f180_180&src=https%3A%2F%2Fldb-phinf.pstatic.net%2F20210302_254%2F1614674576237uXINs_JPEG%2FlaK-TY1fW_OxvSJi2ExmBEgh.jpg', 'https://search.pstatic.net/common/?autoRotate=true&quality=95&type=f180_180&src=https%3A%2F%2Fldb-phinf.pstatic.net%2F20191220_266%2F1576834025386KaRPU_JPEG%2FMiKIa26yZ3mDsE1a3LakFFF3.jpg', 'https://search.pstatic.net/common/?autoRotate=true&quality=95&type=f180_180&src=https%3A%2F%2Fldb-phinf.pstatic.net%2F20191223_211%2F1577065835805pTABq_JPEG%2FWJcqLJlyQV71qdiocyz6Hbt2.jpg', 'https://search.pstatic.net/common/?autoRotate=true&quality=95&type=f180_180&src=https%3A%2F%2Fldb-phinf.pstatic.net%2F20200426_175%2F15878858948846sFz3_JPEG%2FYVUxLxRWeoygyLY5-1dQYS3N.jpg', 'https://search.pstatic.net/common/?autoRotate=true&quality=95&type=f180_180&src=https%3A%2F%2Fldb-phinf.pstatic.net%2F20210302_260%2F1614674576968039FS_JPEG%2Fn8jNS-uB5DKfKOCRQfDJ2rds.jpg', 'https://search.pstatic.net/common/?autoRotate=true&quality=95&type=f180_180&src=https%3A%2F%2Fldb-phinf.pstatic.net%2F20190412_122%2F1555053261504CnGzt_JPEG%2FvGF-ZP-E0Hlym5jhNTqkH5Ce.jpg', 'https://search.pstatic.net/common/?autoRotate=true&quality=95&type=f180_180&src=https%3A%2F%2Fldb-phinf.pstatic.net%2F20210302_244%2F1614674575337lGoeh_JPEG%2FdiwyvDnjxB_JhBn-Xyg71Ehe.jpg', 'https://search.pstatic.net/common/?autoRotate=true&quality=95&type=f180_180&src=https%3A%2F%2Fldb-phinf.pstatic.net%2F20191220_123%2F1576834023742nBhc6_JPEG%2FukzNuqRZ3Uc9YLshfrAQVuTi.jpg']"
8,닥터짐,"서울 마포구 월드컵로13길 34 두드림빌딩 4,5층",02-325-4657,"주차, 방문접수/출장, 예약, 무선 인터넷, 남/녀 화장실 구분, 지역화폐(카드형), 지역화폐(모바일형), 제로페이","망원 최대규모 24시헬스장 Dr.Gym [닥터짐]
망원역 2분거리 건물 지상 위치
[ 헬스 / PT / G.X ]

- 회원권 등록 시 PT 2회, 운동복, 수건 무료제공!!

- 전층 공기청정기 설치 

- 이용 회원 1일 2시간 주차무료

- 신선한 원두로 만든 커피 및 각종 음료,운동용품을 최저가로 판매하는 D.CAFFE 운영

- G.X (그룹PT, 줌바, 에어로빅, 요가, 다이어트댄스) 
 G.X등록 시 헬스와 넓은 G.X룸에서 진행되는 전문강사진의 모든 G.X프로그램을 이용가능
 분기별 설문조사를 통한 G.X 회원들과의 소통

- 이용회원 Inbody 무제한 무료이용 

- 스페셜한 PT존에서 이루어지는 체계적인 PT!

- 전문 자격증을 보유한 선수출신 트레이너의 맞춤형 1:1 수업
(체지방감량,근력강화,체형교정,선수 및 프로필준비,근력증가,재활)


* 카카오톡 : drgym777
* 인스타그램 : dr.gym_official","['평일 00:00 - 24:00 평일24시', '토요일 00:00 - 18:00', '일요일 휴무 법정공휴일']","['https://search.pstatic.net/common/?autoRotate=true&quality=95&type=f180_180&src=https%3A%2F%2Fldb-phinf.pstatic.net%2F20190620_151%2F15610107139923Br14_JPEG%2FY_m50HGS5X5RKaNkpkCT0Mah.jpg', 'https://search.pstatic.net/common/?autoRotate=true&quality=95&type=f180_180&src=https%3A%2F%2Fldb-phinf.pstatic.net%2F20190620_216%2F1561010714020PMtGP_JPEG%2F2m14JjEXLnJMGufxxf5Ou2yJ.jpg', 'https://search.pstatic.net/common/?autoRotate=true&quality=95&type=f180_180&src=https%3A%2F%2Fldb-phinf.pstatic.net%2F20210511_132%2F1620717174705YDCpe_JPEG%2FbpIrDS2fulw3-B0G4ki0AX_N.jpg', 'https://search.pstatic.net/common/?autoRotate=true&quality=95&type=f180_180&src=https%3A%2F%2Fmyplace-phinf.pstatic.net%2F20200506_89%2F1588757710723dMfJ5_JPEG%2Fupload_33064d029fd829610fed60481284bdf2.jpg', 'https://search.pstatic.net/common/?autoRotate=true&quality=95&type=f180_180&src=https%3A%2F%2Fldb-phinf.pstatic.net%2F20200312_2%2F1584000151623gucsm_JPEG%2F8b2uSgc1bQWmOz_eH6K2Yjsd.jpg', 'https://search.pstatic.net/common/?autoRotate=true&quality=95&type=f180_180&src=https%3A%2F%2Fldb-phinf.pstatic.net%2F20200312_212%2F1584000157961lIOOP_JPEG%2F6vvW0co-1-tSi8dVy94z5Hsm.jpg', 'https://search.pstatic.net/common/?autoRotate=true&quality=95&type=f180_180&src=https%3A%2F%2Fldb-phinf.pstatic.net%2F20210511_127%2F16207172027535e5Rk_JPEG%2Fqq9eUcTWWraa4B4J1DCnTz5F.jpg', 'https://search.pstatic.net/common/?autoRotate=true&quality=95&type=f180_180&src=https%3A%2F%2Fldb-phinf.pstatic.net%2F20210511_228%2F1620717203040flu6D_JPEG%2FA5tXo3IUdWub1iIVGvAQVSnw.jpg', 'https://search.pstatic.net/common/?autoRotate=true&quality=95&type=f180_180&src=https%3A%2F%2Fldb-phinf.pstatic.net%2F20210511_243%2F1620717203214mLImi_JPEG%2F0SqHf9MYBEuH49sbU5HzL4XX.jpg', 'https://search.pstatic.net/common/?autoRotate=true&quality=95&type=f180_180&src=https%3A%2F%2Fldb-phinf.pstatic.net%2F20190620_242%2F1561010713778rCQoP_JPEG%2FK0E9c3oZtc9r0_oqvgI6xvWj.jpg']"
